city,forecast_horizon_hours,forecast_timestamp,current_pm2_5,predicted_pm2_5,predicted_aqi,aqi_category,health_message,model
Lahore,24,2026-08-23T22:00:00+00:00,37.6,40.39,113,Unhealthy for Sensitive Groups,Sensitive groups should reduce prolonged outdoor activity.,RandomForest
Lahore,48,2026-08-24T22:00:00+00:00,37.6,46.53,128,Unhealthy for Sensitive Groups,Sensitive groups should reduce prolonged outdoor activity.,RandomForest
Lahore,72,2026-08-25T22:00:00+00:00,37.6,51.02,139,Unhealthy for Sensitive Groups,Sensitive groups should reduce prolonged outdoor activity.,RandomForest
Islamabad,24,2026-08-23T22:00:00+00:00,6.5,28.1,85,Moderate,Air quality is acceptable. Sensitive people should monitor conditions.,RandomForest
Islamabad,48,2026-08-24T22:00:00+00:00,6.5,30.57,90,Moderate,Air quality is acceptable. Sensitive people should monitor conditions.,RandomForest
Islamabad,72,2026-08-25T22:00:00+00:00,6.5,22.12,72,Moderate,Air quality is acceptable. Sensitive people should monitor conditions.,RandomForest
Faisalabad,24,2026-08-23T22:00:00+00:00,41.9,55.03,149,Unhealthy for Sensitive Groups,Sensitive groups should reduce prolonged outdoor activity.,RandomForest
Faisalabad,48,2026-08-24T22:00:00+00:00,41.9,55.26,150,Unhealthy for Sensitive Groups,Sensitive groups should reduce prolonged outdoor activity.,RandomForest
Faisalabad,72,2026-08-25T22:00:00+00:00,41.9,52.41,143,Unhealthy for Sensitive Groups,Sensitive groups should reduce prolonged outdoor activity.,RandomForest
